   <meta>
<info author="maciek00" name="System Policji" type="script" description="System policji." />

<script src="p_komendanta/c.lua" type="client"/>
<script src="p_komendanta/s.lua" type="server"/>

<script src="p_komendanta1/c.lua" type="client"/>
<script src="p_komendanta1/s.lua" type="server"/>

<script src="p_komputer/c.lua" type="client"/>
<script src="p_komputer/s.lua" type="server"/>

<script src="p_kajdanki/c.lua" type="client"/>
<script src="p_kajdanki/s.lua" type="server"/>

<script src="p_policjanta/c1.lua" type="client"/>
<script src="p_policjanta/s1.lua" type="server"/>


<script src="p_legitymacja/leg_c.lua" type="client"/>
<script src="p_legitymacja/leg_s.lua" type="server"/>

<script src="p_przebieralnia/c2.lua" type="client"/>
<script src="p_przebieralnia/s2.lua" type="server"/>

<!--<script src="p_wiezienia/c3.lua" type="client"/>
<script src="p_wiezienia/s3.lua" type="server"/>-->

<script src="p_pilot/pilot_c.lua" type="client"/>
<script src="p_pilot/pilot_s.lua" type="server"/>

<script src="auta/auta.lua" type="server" />
<script src="auta/auta2.lua" type="server" />

<script src="markery/mark.lua" type="server"/>

<file src="img/policja.png"/>
<file src="img/avatar.png"/>
<file src="img/policja1.png"/>
</meta>