<meta>
	<info name="AntyCHEAT (skyrpg.pl)" author="Michuuu" version="1.0" />
	
	<script src="antycheat.lua" type="server" />
	<script src="playerIDSystem.lua" type="server" />
	<script src="rpSystem.lua" type="server" />
	<script src="chatSystem.lua" type="server" />
	<script src="bwSystem.lua" type="server" />
	<script src="downloadingServer.lua" type="server" />
	<script src="gamemodeName.lua" type="server" />
	<script src="teleports/server.lua" type="server" />
	<script src="onlineSystem.lua" type="client" cache="false" />
	<script src="nametagsSystem.lua" type="client" cache="false" />
	
	<exports function="findPlayer" type="server" />
</meta>