<meta>
	<info name="Logowanie (skyRPG)" author="Michuuu" version="1.0" />
	
	<!-- Blibioteka -->
	<script src="libs/lib.lua" type="client" />
	<export function="dxCreateButton" type="client" />
	<export function="dxSetButtonText" type="client" />
	<export function="dxButtonSetVisible" type="client" />
	<export function="dxCreateWindow" type="client" />
	<export function="dxSetWindowText" type="client" />
	<export function="dxWindowSetVisible" type="client" />
	<export function="dxCreateEdit" type="client" />
	<export function="dxEditGetText" type="client" />
	<export function="dxEditSetVisible" type="client" />
	<export function="dxCreateCheckbox" type="client" />
	<export function="dxCheckboxGetClicked" type="client" />
	<export function="dxCheckboxSetVisible" type="client" />
	<export function="dxCreateCombobox" type="client" />
	<export function="dxComboboxAddItem" type="client" />
	<export function="dxComboboxSetVisible" type="client" />
	<export function="dxComboboxGetItemText" type="client" />
	<export function="dxCreateScroll" type="client" />
	<export function="dxScrollSetVisible" type="client" />
	<export function="dxScrollGetStatus" type="client" />
	
	<!-- Zasoby -->
	<file src="sounds/login.mp3" />
	<file src="fonts/normal.ttf" />
	<file src="fonts/Raleway-Bold.ttf" />
	<file src="fonts/Raleway-Light.ttf" />
	<file src="fonts/Raleway-Medium.ttf" />
	<file src="images/buttons/login_nohover.png" />
	<file src="images/buttons/login_hover.png" />
	<file src="images/buttons/register_nohover.png" />
	<file src="images/buttons/back_nohover.png" />
	<file src="images/buttons/register_hover.png" />
	<file src="images/buttons/back_hover.png" />
	<file src="images/buttons/changes_nohover.png" />
	<file src="images/buttons/changes_hover.png" />
	<file src="images/gui/logo.png" />
	<file src="images/gui/user.png" />
	<file src="images/gui/password.png" />
	<file src="images/gui/background_login.png" />
	<file src="images/gui/background_register.png" />
	<file src="images/gui/login_button.png" />
	<file src="images/gui/register_button.png" />
	
	<!--- Panel --->
	<script src="login_c.lua" type="client" cache="false" />
	<script src="login_s.lua" type="server" />
	
</meta>